id,name,phone_num
1,Paul Pollich,(358) 263-9381
2,Dr. Haywood Beahan,1-451-230-6413
3,Melvin Gerlach DDS,562-716-1794
4,Ms. Elwood Hudson,741.173.6224
5,Laure Simonis,187.296.2326
6,Milan Schuppe DDS,(913) 660-7403
7,Gidget Ondricka,125-515-8183
8,Saran Dare,1-124-860-7149
9,Melanie Schuster,968.563.8161
10,Mr. Waylon Zulauf,656-355-0724
11,Ronnie Keebler,(649) 223-7992
12,Dr. Bennie Douglas,739.402.7786
13,Adelaide Schumm,1-100-045-0866
14,James Rice,170.908.7280
15,Mikel Bartell,160.067.2000
16,Thurman Conroy,106.852.6842
17,Mrs. Megan Von,738-126-5940
18,Pablo Lynch Jr.,(739) 418-6716
19,Gertrudis Nicolas,744.908.9804
20,Anderson Jacobi,694-512-7886
21,Awilda Hagenes,950.249.3802
22,Bob Effertz DVM,(214) 246-9630
23,Felton Lemke,1-921-932-6617
24,Brigette Schuppe,426-036-8405
25,Tad Hansen,532-167-0447
26,Hiram Abshire,1-154-580-4573
27,Miles Block,679-693-5536
28,Raymon Wisozk,622-924-7098
29,Ms. Hyman Hilll,607-929-6643
30,Danny Stokes,1-945-740-4662
31,Herbert Bayer,530-617-5241
32,Mariano Denesik DDS,632-404-0795
33,Collin Koss,(824) 478-9575
34,Mrs. Kassandra Sporer,(815) 713-9030
35,Mr. Phuong Champlin,1-354-155-7344
36,Darryl Kris,(563) 753-2891
37,Daysi Denesik,1-751-837-8915
38,Del Beahan,(721) 613-6412
39,Linda Stehr,1-171-392-3273
40,Mr. Vanessa Wisoky,847-905-0333
41,Seema Mann,1-245-030-3590
42,Thelma Okuneva,859.386.1388
43,Taina Weissnat,(486) 915-2910
44,Napoleon Ruecker,(893) 082-0392
45,Kristy VonRueden,1-730-931-7595
46,Joette Frami,1-989-059-8804
47,Ms. Ian Schneider,787-123-3530
48,Modesto Conroy,(295) 022-7778
49,Milford Ullrich,1-482-567-6936
50,Matilda Bernhard,1-143-222-3542
51,Betsy Marks,143-888-6962
52,Stephani Lind,(776) 067-1580
53,Elton Dickinson PhD,443-874-7526
54,Noemi Jast,(686) 439-7011
55,Leslie Feil,555-218-7471
56,Miquel Steuber,484-967-0752
57,Patty Windler IV,1-605-479-3715
58,Ms. Shirley Kulas,326-519-4320
59,Miss Ed Rohan,1-213-929-0419
60,Dann Labadie,305-644-7340
61,Marcellus Klein,(622) 316-9756
62,Emmie Mohr,(540) 779-4740
63,Marilee West,(634) 560-1943
64,Siobhan Toy,122-551-8636
65,Mr. Genna Feeney,362-114-3452
66,Drew Smitham,(246) 303-5497
67,Carolyne Stamm,913-256-5039
68,Esta Romaguera,973-081-1127
69,Cristen Russel,(871) 734-6503
70,Joanne Von,(368) 063-9295
71,Shelby Little Jr.,322.532.1895
72,Blair Pagac,398.951.1165
73,Ilona Tremblay PhD,154.422.3857
74,Kimbery Quigley,452-722-3553
75,Chuck Cruickshank,175-355-8523
76,Terrell Rodriguez,(474) 024-7664
77,Emily Dare,1-799-012-9845
78,Tomasa Ziemann,621-655-8979
79,Noe Ondricka,(281) 122-5962
80,Angelic Dicki,1-581-998-1539
81,Eliseo Pacocha,(586) 949-4745
82,Myron Hayes,514.114.6078
83,Taylor Boyle,(593) 098-0361
84,Peter Ondricka,1-569-921-6487
85,Mr. Herlinda Kutch,1-485-230-9026
86,Abraham Zboncak,974.673.4455
87,Heidy Donnelly,768.599.9020
88,Austin Schimmel,(531) 544-9780
89,Waneta Muller,918-153-4010
90,Leroy Cummings,746-745-5469
91,Zack Huel,635.416.9593
92,Rayna McLaughlin,929.949.6966
93,Carole Kuhic,703-552-9358
94,Ms. Hellen Kihn,423.402.3186
95,Nobuko Champlin,985-026-1223
96,Evelynn Bergnaum,1-844-750-3784
97,Natisha Jacobs,917.982.5064
98,Barrett Mayert,1-325-282-9569
99,Leta Jerde,142.121.2263
100,Priscila Davis DDS,(751) 353-0627
101,Almeda Emard,(753) 102-3307
102,Julian Schuppe,125-563-3523
103,Cecilia Von,651.586.2733
104,Colby Gerhold,252.101.8082
105,Marilee Hammes,959.578.3630
106,Jeniffer Pfannerstill,1-307-248-7758
107,Mr. Grover Okuneva,881.722.1808
108,Sylvester Ferry,1-879-881-2335
109,Jeremy Runolfsdottir,(375) 243-5573
110,Angele Kemmer,775.743.7506
111,Jenni Kunde,400-655-3078
112,Milissa Pfannerstill,1-751-216-1138
113,Dr. Jody Tromp,661-809-3767
114,Dr. Grant Halvorson,1-936-370-0328
115,Otis O'Kon,1-655-779-4271
116,Terence Daugherty,991-501-7833
117,Mrs. Deloras Glover,(188) 647-0013
118,Demetrius Block,268-926-0349
119,Mr. Alton Hoeger,1-112-858-8128
120,Federico Hane,1-253-912-0085
121,Damian Pollich,570.484.3499
122,Troy Goldner PhD,(396) 507-2899
123,Joan Reilly,987.415.2448
124,Darryl Davis,507-708-9936
125,Romeo Dooley,471.460.4480
126,Neely Block,291-848-9092
127,Domingo Carroll,833-141-9620
128,Dr. Luke Walker,661.160.4194
129,Elaine Gorczany,505-656-8479
130,Mimi Kiehn,993.271.0276
131,Carmon Wolf IV,(878) 365-4185
132,Vada Hermiston,1-576-557-8303
133,Arnold Huels V,995.679.0862
134,Cliff Kerluke I,(635) 657-0249
135,Cornelius Quitzon,1-418-879-9623
136,Ross Kuhn,(121) 303-5114
137,Taylor Pfeffer,951.852.2012
138,Whitney Collins,942.614.4542
139,Mr. Georgianna Huels,965.114.2584
140,Mr. Saul Spencer,1-407-727-6106
141,Jay Watsica,1-736-029-2659
142,Diego Ledner,222.614.2797
143,Mrs. Mickey Upton,312.875.4553
144,Yolande Durgan,271-709-5139
145,Alphonso Sanford,1-336-430-9352
146,Morton Gleason,(601) 156-9692
147,Carita Williamson,695.397.9632
148,Gino Lind,961-709-4568
149,Pansy Gerlach,549-078-4463
150,Monroe Schuppe,1-308-383-9846
